{"cameraMode":{"drawMode":0,"name":"Shaded","section":"Shading Mode"},"sceneLighting":false,"audioPlay":false,"sceneViewState":{"showFog":false,"showMaterialUpdate":false,"showSkybox":false,"showFlares":true,"showImageEffects":true,"showParticleSystems":true},"in2DMode":false,"pivot":{"x":166.4359588623047,"y":0.9539142847061157,"z":25.100313186645509},"rotation":{"x":0.0751974806189537,"y":0.8685569763183594,"z":-0.1414434015750885,"w":0.46996575593948367},"size":5.076069355010986,"orthographic":false}