{"cameraMode":{"drawMode":0,"name":"Shaded","section":"Shading Mode"},"sceneLighting":false,"audioPlay":false,"sceneViewState":{"showFog":false,"showMaterialUpdate":false,"showSkybox":true,"showFlares":true,"showImageEffects":true,"showParticleSystems":true},"in2DMode":false,"pivot":{"x":245.07130432128907,"y":17.841386795043947,"z":54.58714294433594},"rotation":{"x":0.011712875217199326,"y":-0.2396736890077591,"z":-0.0013754402752965689,"w":-0.9712611436843872},"size":4.507406711578369,"orthographic":false}