{"cameraMode":{"drawMode":0,"name":"Shaded","section":"Shading Mode"},"sceneLighting":true,"audioPlay":false,"sceneViewState":{"showFog":true,"showMaterialUpdate":false,"showSkybox":false,"showFlares":true,"showImageEffects":true,"showParticleSystems":true},"in2DMode":false,"pivot":{"x":244.81277465820313,"y":14.278752326965332,"z":57.055274963378909},"rotation":{"x":0.07904533296823502,"y":0.43821433186531069,"z":-0.040331464260816577,"w":0.8949844837188721},"size":3.845543622970581,"orthographic":false}