{"cameraMode":{"drawMode":0,"name":"Shaded","section":"Shading Mode"},"sceneLighting":false,"audioPlay":false,"sceneViewState":{"showFog":false,"showMaterialUpdate":false,"showSkybox":false,"showFlares":true,"showImageEffects":true,"showParticleSystems":true},"in2DMode":false,"pivot":{"x":122.5177993774414,"y":8.791240692138672,"z":50.34859848022461},"rotation":{"x":-0.1898929625749588,"y":-0.3884703516960144,"z":0.08337270468473435,"w":-0.8983358144760132},"size":132.75120544433595,"orthographic":false}