{"cameraMode":{"drawMode":0,"name":"Shaded","section":"Shading Mode"},"sceneLighting":false,"audioPlay":false,"sceneViewState":{"showFog":false,"showMaterialUpdate":true,"showSkybox":false,"showFlares":true,"showImageEffects":true,"showParticleSystems":true},"in2DMode":false,"pivot":{"x":43.15999984741211,"y":2.070000171661377,"z":69.18799591064453},"rotation":{"x":-0.09989196062088013,"y":-0.6580842137336731,"z":0.08845511823892594,"w":-0.7411890029907227},"size":3.422510862350464,"orthographic":false}