{"cameraMode":{"drawMode":0,"name":"Shaded","section":"Shading Mode"},"sceneLighting":true,"audioPlay":false,"sceneViewState":{"showFog":false,"showMaterialUpdate":true,"showSkybox":true,"showFlares":true,"showImageEffects":true,"showParticleSystems":true},"in2DMode":false,"pivot":{"x":201.35630798339845,"y":2.428241729736328,"z":86.48148345947266},"rotation":{"x":-0.21766841411590577,"y":0.4723357558250427,"z":-0.12232574075460434,"w":-0.8455260396003723},"size":28.102705001831056,"orthographic":false}