{"cameraMode":{"drawMode":0,"name":"Shaded","section":"Shading Mode"},"sceneLighting":false,"audioPlay":false,"sceneViewState":{"showFog":false,"showMaterialUpdate":true,"showSkybox":false,"showFlares":true,"showImageEffects":true,"showParticleSystems":true},"in2DMode":false,"pivot":{"x":156.50379943847657,"y":0.9812048077583313,"z":17.978609085083009},"rotation":{"x":-0.2939978241920471,"y":-0.10734743624925614,"z":0.033091966062784198,"w":-0.949317216873169},"size":3.950662612915039,"orthographic":false}