{"cameraMode":{"drawMode":0,"name":"Shaded","section":"Shading Mode"},"sceneLighting":false,"audioPlay":false,"sceneViewState":{"showFog":false,"showMaterialUpdate":true,"showSkybox":false,"showFlares":true,"showImageEffects":true,"showParticleSystems":true},"in2DMode":false,"pivot":{"x":156.50379943847657,"y":0.9812048077583313,"z":17.978609085083009},"rotation":{"x":-0.10198281705379486,"y":-0.058246560394763949,"z":0.005755706690251827,"w":-0.9931946992874146},"size":3.950662612915039,"orthographic":false}