{"cameraMode":{"drawMode":0,"name":"Shaded","section":"Shading Mode"},"sceneLighting":false,"audioPlay":false,"sceneViewState":{"showFog":false,"showMaterialUpdate":true,"showSkybox":false,"showFlares":true,"showImageEffects":true,"showParticleSystems":true},"in2DMode":false,"pivot":{"x":-0.2208908200263977,"y":-0.4305683374404907,"z":-0.21522969007492066},"rotation":{"x":-0.16492795944213868,"y":-0.30487772822380068,"z":0.053657371550798419,"w":-0.9365240931510925},"size":1.264768362045288,"orthographic":false}