{"cameraMode":{"drawMode":0,"name":"Shaded","section":"Shading Mode"},"sceneLighting":true,"audioPlay":false,"sceneViewState":{"showFog":false,"showMaterialUpdate":true,"showSkybox":true,"showFlares":true,"showImageEffects":true,"showParticleSystems":true},"in2DMode":false,"pivot":{"x":15.682350158691407,"y":7.18548583984375,"z":1.4056587219238282},"rotation":{"x":-0.34452205896377566,"y":0.5231794118881226,"z":-0.24327369034290315,"w":-0.7407494187355042},"size":8.784543991088868,"orthographic":false}